QTD000001	data/QTD000001.credible_sets.tsv.gz
QTD000002	data/QTD000002.credible_sets.tsv.gz
QTD000003	data/QTD000003.credible_sets.tsv.gz
QTD000004	data/QTD000004.credible_sets.tsv.gz
QTD000005	data/QTD000005.credible_sets.tsv.gz
QTD000006	data/QTD000006.credible_sets.tsv.gz
QTD000007	data/QTD000007.credible_sets.tsv.gz
QTD000008	data/QTD000008.credible_sets.tsv.gz
QTD000009	data/QTD000009.credible_sets.tsv.gz
QTD000010	data/QTD000010.credible_sets.tsv.gz
QTD000011	data/QTD000011.credible_sets.tsv.gz
QTD000012	data/QTD000012.credible_sets.tsv.gz
QTD000013	data/QTD000013.credible_sets.tsv.gz
QTD000014	data/QTD000014.credible_sets.tsv.gz
QTD000015	data/QTD000015.credible_sets.tsv.gz
QTD000016	data/QTD000016.credible_sets.tsv.gz
QTD000017	data/QTD000017.credible_sets.tsv.gz
QTD000018	data/QTD000018.credible_sets.tsv.gz
QTD000019	data/QTD000019.credible_sets.tsv.gz
QTD000020	data/QTD000020.credible_sets.tsv.gz
QTD000021	data/QTD000021.credible_sets.tsv.gz
QTD000022	data/QTD000022.credible_sets.tsv.gz
QTD000023	data/QTD000023.credible_sets.tsv.gz
QTD000024	data/QTD000024.credible_sets.tsv.gz
QTD000025	data/QTD000025.credible_sets.tsv.gz
QTD000026	data/QTD000026.credible_sets.tsv.gz
QTD000027	data/QTD000027.credible_sets.tsv.gz
QTD000028	data/QTD000028.credible_sets.tsv.gz
QTD000029	data/QTD000029.credible_sets.tsv.gz
QTD000030	data/QTD000030.credible_sets.tsv.gz
QTD000031	data/QTD000031.credible_sets.tsv.gz
QTD000032	data/QTD000032.credible_sets.tsv.gz
QTD000033	data/QTD000033.credible_sets.tsv.gz
QTD000034	data/QTD000034.credible_sets.tsv.gz
QTD000035	data/QTD000035.credible_sets.tsv.gz
QTD000036	data/QTD000036.credible_sets.tsv.gz
QTD000037	data/QTD000037.credible_sets.tsv.gz
QTD000038	data/QTD000038.credible_sets.tsv.gz
QTD000039	data/QTD000039.credible_sets.tsv.gz
QTD000040	data/QTD000040.credible_sets.tsv.gz
QTD000041	data/QTD000041.credible_sets.tsv.gz
QTD000042	data/QTD000042.credible_sets.tsv.gz
QTD000043	data/QTD000043.credible_sets.tsv.gz
QTD000044	data/QTD000044.credible_sets.tsv.gz
QTD000045	data/QTD000045.credible_sets.tsv.gz
QTD000046	data/QTD000046.credible_sets.tsv.gz
QTD000047	data/QTD000047.credible_sets.tsv.gz
QTD000048	data/QTD000048.credible_sets.tsv.gz
QTD000049	data/QTD000049.credible_sets.tsv.gz
QTD000050	data/QTD000050.credible_sets.tsv.gz
QTD000051	data/QTD000051.credible_sets.tsv.gz
QTD000052	data/QTD000052.credible_sets.tsv.gz
QTD000053	data/QTD000053.credible_sets.tsv.gz
QTD000054	data/QTD000054.credible_sets.tsv.gz
QTD000055	data/QTD000055.credible_sets.tsv.gz
QTD000056	data/QTD000056.credible_sets.tsv.gz
QTD000057	data/QTD000057.credible_sets.tsv.gz
QTD000058	data/QTD000058.credible_sets.tsv.gz
QTD000059	data/QTD000059.credible_sets.tsv.gz
QTD000060	data/QTD000060.credible_sets.tsv.gz
QTD000061	data/QTD000061.credible_sets.tsv.gz
QTD000062	data/QTD000062.credible_sets.tsv.gz
QTD000063	data/QTD000063.credible_sets.tsv.gz
QTD000064	data/QTD000064.credible_sets.tsv.gz
QTD000065	data/QTD000065.credible_sets.tsv.gz
QTD000066	data/QTD000066.credible_sets.tsv.gz
QTD000067	data/QTD000067.credible_sets.tsv.gz
QTD000068	data/QTD000068.credible_sets.tsv.gz
QTD000069	data/QTD000069.credible_sets.tsv.gz
QTD000070	data/QTD000070.credible_sets.tsv.gz
QTD000071	data/QTD000071.credible_sets.tsv.gz
QTD000072	data/QTD000072.credible_sets.tsv.gz
QTD000073	data/QTD000073.credible_sets.tsv.gz
QTD000074	data/QTD000074.credible_sets.tsv.gz
QTD000075	data/QTD000075.credible_sets.tsv.gz
QTD000076	data/QTD000076.credible_sets.tsv.gz
QTD000077	data/QTD000077.credible_sets.tsv.gz
QTD000078	data/QTD000078.credible_sets.tsv.gz
QTD000079	data/QTD000079.credible_sets.tsv.gz
QTD000080	data/QTD000080.credible_sets.tsv.gz
QTD000081	data/QTD000081.credible_sets.tsv.gz
QTD000082	data/QTD000082.credible_sets.tsv.gz
QTD000083	data/QTD000083.credible_sets.tsv.gz
QTD000084	data/QTD000084.credible_sets.tsv.gz
QTD000085	data/QTD000085.credible_sets.tsv.gz
QTD000086	data/QTD000086.credible_sets.tsv.gz
QTD000087	data/QTD000087.credible_sets.tsv.gz
QTD000088	data/QTD000088.credible_sets.tsv.gz
QTD000089	data/QTD000089.credible_sets.tsv.gz
QTD000090	data/QTD000090.credible_sets.tsv.gz
QTD000091	data/QTD000091.credible_sets.tsv.gz
QTD000092	data/QTD000092.credible_sets.tsv.gz
QTD000093	data/QTD000093.credible_sets.tsv.gz
QTD000094	data/QTD000094.credible_sets.tsv.gz
QTD000095	data/QTD000095.credible_sets.tsv.gz
QTD000096	data/QTD000096.credible_sets.tsv.gz
QTD000097	data/QTD000097.credible_sets.tsv.gz
QTD000098	data/QTD000098.credible_sets.tsv.gz
QTD000099	data/QTD000099.credible_sets.tsv.gz
QTD000100	data/QTD000100.credible_sets.tsv.gz
QTD000101	data/QTD000101.credible_sets.tsv.gz
QTD000102	data/QTD000102.credible_sets.tsv.gz
QTD000103	data/QTD000103.credible_sets.tsv.gz
QTD000104	data/QTD000104.credible_sets.tsv.gz
QTD000105	data/QTD000105.credible_sets.tsv.gz
QTD000106	data/QTD000106.credible_sets.tsv.gz
QTD000107	data/QTD000107.credible_sets.tsv.gz
QTD000108	data/QTD000108.credible_sets.tsv.gz
QTD000109	data/QTD000109.credible_sets.tsv.gz
QTD000110	data/QTD000110.credible_sets.tsv.gz
QTD000111	data/QTD000111.credible_sets.tsv.gz
QTD000112	data/QTD000112.credible_sets.tsv.gz
QTD000113	data/QTD000113.credible_sets.tsv.gz
QTD000114	data/QTD000114.credible_sets.tsv.gz
QTD000115	data/QTD000115.credible_sets.tsv.gz
QTD000116	data/QTD000116.credible_sets.tsv.gz
QTD000117	data/QTD000117.credible_sets.tsv.gz
QTD000118	data/QTD000118.credible_sets.tsv.gz
QTD000119	data/QTD000119.credible_sets.tsv.gz
QTD000120	data/QTD000120.credible_sets.tsv.gz
QTD000121	data/QTD000121.credible_sets.tsv.gz
QTD000122	data/QTD000122.credible_sets.tsv.gz
QTD000123	data/QTD000123.credible_sets.tsv.gz
QTD000124	data/QTD000124.credible_sets.tsv.gz
QTD000125	data/QTD000125.credible_sets.tsv.gz
QTD000126	data/QTD000126.credible_sets.tsv.gz
QTD000127	data/QTD000127.credible_sets.tsv.gz
QTD000128	data/QTD000128.credible_sets.tsv.gz
QTD000129	data/QTD000129.credible_sets.tsv.gz
QTD000130	data/QTD000130.credible_sets.tsv.gz
QTD000131	data/QTD000131.credible_sets.tsv.gz
QTD000132	data/QTD000132.credible_sets.tsv.gz
QTD000133	data/QTD000133.credible_sets.tsv.gz
QTD000134	data/QTD000134.credible_sets.tsv.gz
QTD000135	data/QTD000135.credible_sets.tsv.gz
QTD000136	data/QTD000136.credible_sets.tsv.gz
QTD000137	data/QTD000137.credible_sets.tsv.gz
QTD000138	data/QTD000138.credible_sets.tsv.gz
QTD000139	data/QTD000139.credible_sets.tsv.gz
QTD000140	data/QTD000140.credible_sets.tsv.gz
QTD000141	data/QTD000141.credible_sets.tsv.gz
QTD000142	data/QTD000142.credible_sets.tsv.gz
QTD000143	data/QTD000143.credible_sets.tsv.gz
QTD000144	data/QTD000144.credible_sets.tsv.gz
QTD000145	data/QTD000145.credible_sets.tsv.gz
QTD000146	data/QTD000146.credible_sets.tsv.gz
QTD000147	data/QTD000147.credible_sets.tsv.gz
QTD000148	data/QTD000148.credible_sets.tsv.gz
QTD000149	data/QTD000149.credible_sets.tsv.gz
QTD000150	data/QTD000150.credible_sets.tsv.gz
QTD000151	data/QTD000151.credible_sets.tsv.gz
QTD000152	data/QTD000152.credible_sets.tsv.gz
QTD000153	data/QTD000153.credible_sets.tsv.gz
QTD000154	data/QTD000154.credible_sets.tsv.gz
QTD000155	data/QTD000155.credible_sets.tsv.gz
QTD000156	data/QTD000156.credible_sets.tsv.gz
QTD000157	data/QTD000157.credible_sets.tsv.gz
QTD000158	data/QTD000158.credible_sets.tsv.gz
QTD000159	data/QTD000159.credible_sets.tsv.gz
QTD000160	data/QTD000160.credible_sets.tsv.gz
QTD000161	data/QTD000161.credible_sets.tsv.gz
QTD000162	data/QTD000162.credible_sets.tsv.gz
QTD000163	data/QTD000163.credible_sets.tsv.gz
QTD000164	data/QTD000164.credible_sets.tsv.gz
QTD000165	data/QTD000165.credible_sets.tsv.gz
QTD000166	data/QTD000166.credible_sets.tsv.gz
QTD000167	data/QTD000167.credible_sets.tsv.gz
QTD000168	data/QTD000168.credible_sets.tsv.gz
QTD000169	data/QTD000169.credible_sets.tsv.gz
QTD000170	data/QTD000170.credible_sets.tsv.gz
QTD000171	data/QTD000171.credible_sets.tsv.gz
QTD000172	data/QTD000172.credible_sets.tsv.gz
QTD000173	data/QTD000173.credible_sets.tsv.gz
QTD000174	data/QTD000174.credible_sets.tsv.gz
QTD000175	data/QTD000175.credible_sets.tsv.gz
QTD000176	data/QTD000176.credible_sets.tsv.gz
QTD000177	data/QTD000177.credible_sets.tsv.gz
QTD000178	data/QTD000178.credible_sets.tsv.gz
QTD000179	data/QTD000179.credible_sets.tsv.gz
QTD000180	data/QTD000180.credible_sets.tsv.gz
QTD000181	data/QTD000181.credible_sets.tsv.gz
QTD000182	data/QTD000182.credible_sets.tsv.gz
QTD000183	data/QTD000183.credible_sets.tsv.gz
QTD000184	data/QTD000184.credible_sets.tsv.gz
QTD000185	data/QTD000185.credible_sets.tsv.gz
QTD000186	data/QTD000186.credible_sets.tsv.gz
QTD000187	data/QTD000187.credible_sets.tsv.gz
QTD000188	data/QTD000188.credible_sets.tsv.gz
QTD000189	data/QTD000189.credible_sets.tsv.gz
QTD000190	data/QTD000190.credible_sets.tsv.gz
QTD000191	data/QTD000191.credible_sets.tsv.gz
QTD000192	data/QTD000192.credible_sets.tsv.gz
QTD000193	data/QTD000193.credible_sets.tsv.gz
QTD000194	data/QTD000194.credible_sets.tsv.gz
QTD000195	data/QTD000195.credible_sets.tsv.gz
QTD000196	data/QTD000196.credible_sets.tsv.gz
QTD000197	data/QTD000197.credible_sets.tsv.gz
QTD000198	data/QTD000198.credible_sets.tsv.gz
QTD000199	data/QTD000199.credible_sets.tsv.gz
QTD000200	data/QTD000200.credible_sets.tsv.gz
QTD000201	data/QTD000201.credible_sets.tsv.gz
QTD000202	data/QTD000202.credible_sets.tsv.gz
QTD000203	data/QTD000203.credible_sets.tsv.gz
QTD000204	data/QTD000204.credible_sets.tsv.gz
QTD000205	data/QTD000205.credible_sets.tsv.gz
QTD000206	data/QTD000206.credible_sets.tsv.gz
QTD000207	data/QTD000207.credible_sets.tsv.gz
QTD000208	data/QTD000208.credible_sets.tsv.gz
QTD000209	data/QTD000209.credible_sets.tsv.gz
QTD000210	data/QTD000210.credible_sets.tsv.gz
QTD000211	data/QTD000211.credible_sets.tsv.gz
QTD000212	data/QTD000212.credible_sets.tsv.gz
QTD000213	data/QTD000213.credible_sets.tsv.gz
QTD000214	data/QTD000214.credible_sets.tsv.gz
QTD000215	data/QTD000215.credible_sets.tsv.gz
QTD000216	data/QTD000216.credible_sets.tsv.gz
QTD000217	data/QTD000217.credible_sets.tsv.gz
QTD000218	data/QTD000218.credible_sets.tsv.gz
QTD000219	data/QTD000219.credible_sets.tsv.gz
QTD000220	data/QTD000220.credible_sets.tsv.gz
QTD000221	data/QTD000221.credible_sets.tsv.gz
QTD000222	data/QTD000222.credible_sets.tsv.gz
QTD000223	data/QTD000223.credible_sets.tsv.gz
QTD000224	data/QTD000224.credible_sets.tsv.gz
QTD000225	data/QTD000225.credible_sets.tsv.gz
QTD000226	data/QTD000226.credible_sets.tsv.gz
QTD000227	data/QTD000227.credible_sets.tsv.gz
QTD000228	data/QTD000228.credible_sets.tsv.gz
QTD000229	data/QTD000229.credible_sets.tsv.gz
QTD000230	data/QTD000230.credible_sets.tsv.gz
QTD000231	data/QTD000231.credible_sets.tsv.gz
QTD000232	data/QTD000232.credible_sets.tsv.gz
QTD000233	data/QTD000233.credible_sets.tsv.gz
QTD000234	data/QTD000234.credible_sets.tsv.gz
QTD000235	data/QTD000235.credible_sets.tsv.gz
QTD000236	data/QTD000236.credible_sets.tsv.gz
QTD000237	data/QTD000237.credible_sets.tsv.gz
QTD000238	data/QTD000238.credible_sets.tsv.gz
QTD000239	data/QTD000239.credible_sets.tsv.gz
QTD000240	data/QTD000240.credible_sets.tsv.gz
QTD000241	data/QTD000241.credible_sets.tsv.gz
QTD000242	data/QTD000242.credible_sets.tsv.gz
QTD000243	data/QTD000243.credible_sets.tsv.gz
QTD000244	data/QTD000244.credible_sets.tsv.gz
QTD000245	data/QTD000245.credible_sets.tsv.gz
QTD000246	data/QTD000246.credible_sets.tsv.gz
QTD000247	data/QTD000247.credible_sets.tsv.gz
QTD000248	data/QTD000248.credible_sets.tsv.gz
QTD000249	data/QTD000249.credible_sets.tsv.gz
QTD000250	data/QTD000250.credible_sets.tsv.gz
QTD000251	data/QTD000251.credible_sets.tsv.gz
QTD000252	data/QTD000252.credible_sets.tsv.gz
QTD000253	data/QTD000253.credible_sets.tsv.gz
QTD000254	data/QTD000254.credible_sets.tsv.gz
QTD000255	data/QTD000255.credible_sets.tsv.gz
QTD000256	data/QTD000256.credible_sets.tsv.gz
QTD000257	data/QTD000257.credible_sets.tsv.gz
QTD000258	data/QTD000258.credible_sets.tsv.gz
QTD000259	data/QTD000259.credible_sets.tsv.gz
QTD000260	data/QTD000260.credible_sets.tsv.gz
QTD000261	data/QTD000261.credible_sets.tsv.gz
QTD000262	data/QTD000262.credible_sets.tsv.gz
QTD000263	data/QTD000263.credible_sets.tsv.gz
QTD000264	data/QTD000264.credible_sets.tsv.gz
QTD000265	data/QTD000265.credible_sets.tsv.gz
QTD000266	data/QTD000266.credible_sets.tsv.gz
QTD000267	data/QTD000267.credible_sets.tsv.gz
QTD000268	data/QTD000268.credible_sets.tsv.gz
QTD000269	data/QTD000269.credible_sets.tsv.gz
QTD000270	data/QTD000270.credible_sets.tsv.gz
QTD000271	data/QTD000271.credible_sets.tsv.gz
QTD000272	data/QTD000272.credible_sets.tsv.gz
QTD000273	data/QTD000273.credible_sets.tsv.gz
QTD000274	data/QTD000274.credible_sets.tsv.gz
QTD000275	data/QTD000275.credible_sets.tsv.gz
QTD000276	data/QTD000276.credible_sets.tsv.gz
QTD000277	data/QTD000277.credible_sets.tsv.gz
QTD000278	data/QTD000278.credible_sets.tsv.gz
QTD000279	data/QTD000279.credible_sets.tsv.gz
QTD000280	data/QTD000280.credible_sets.tsv.gz
QTD000281	data/QTD000281.credible_sets.tsv.gz
QTD000282	data/QTD000282.credible_sets.tsv.gz
QTD000283	data/QTD000283.credible_sets.tsv.gz
QTD000284	data/QTD000284.credible_sets.tsv.gz
QTD000285	data/QTD000285.credible_sets.tsv.gz
QTD000286	data/QTD000286.credible_sets.tsv.gz
QTD000287	data/QTD000287.credible_sets.tsv.gz
QTD000288	data/QTD000288.credible_sets.tsv.gz
QTD000289	data/QTD000289.credible_sets.tsv.gz
QTD000290	data/QTD000290.credible_sets.tsv.gz
QTD000291	data/QTD000291.credible_sets.tsv.gz
QTD000292	data/QTD000292.credible_sets.tsv.gz
QTD000293	data/QTD000293.credible_sets.tsv.gz
QTD000294	data/QTD000294.credible_sets.tsv.gz
QTD000295	data/QTD000295.credible_sets.tsv.gz
QTD000296	data/QTD000296.credible_sets.tsv.gz
QTD000297	data/QTD000297.credible_sets.tsv.gz
QTD000298	data/QTD000298.credible_sets.tsv.gz
QTD000299	data/QTD000299.credible_sets.tsv.gz
QTD000300	data/QTD000300.credible_sets.tsv.gz
QTD000301	data/QTD000301.credible_sets.tsv.gz
QTD000302	data/QTD000302.credible_sets.tsv.gz
QTD000303	data/QTD000303.credible_sets.tsv.gz
QTD000304	data/QTD000304.credible_sets.tsv.gz
QTD000305	data/QTD000305.credible_sets.tsv.gz
QTD000306	data/QTD000306.credible_sets.tsv.gz
QTD000307	data/QTD000307.credible_sets.tsv.gz
QTD000308	data/QTD000308.credible_sets.tsv.gz
QTD000309	data/QTD000309.credible_sets.tsv.gz
QTD000310	data/QTD000310.credible_sets.tsv.gz
QTD000311	data/QTD000311.credible_sets.tsv.gz
QTD000312	data/QTD000312.credible_sets.tsv.gz
QTD000313	data/QTD000313.credible_sets.tsv.gz
QTD000314	data/QTD000314.credible_sets.tsv.gz
QTD000315	data/QTD000315.credible_sets.tsv.gz
QTD000316	data/QTD000316.credible_sets.tsv.gz
QTD000317	data/QTD000317.credible_sets.tsv.gz
QTD000318	data/QTD000318.credible_sets.tsv.gz
QTD000319	data/QTD000319.credible_sets.tsv.gz
QTD000320	data/QTD000320.credible_sets.tsv.gz
QTD000321	data/QTD000321.credible_sets.tsv.gz
QTD000322	data/QTD000322.credible_sets.tsv.gz
QTD000323	data/QTD000323.credible_sets.tsv.gz
QTD000324	data/QTD000324.credible_sets.tsv.gz
QTD000325	data/QTD000325.credible_sets.tsv.gz
QTD000326	data/QTD000326.credible_sets.tsv.gz
QTD000327	data/QTD000327.credible_sets.tsv.gz
QTD000328	data/QTD000328.credible_sets.tsv.gz
QTD000329	data/QTD000329.credible_sets.tsv.gz
QTD000330	data/QTD000330.credible_sets.tsv.gz
QTD000331	data/QTD000331.credible_sets.tsv.gz
QTD000332	data/QTD000332.credible_sets.tsv.gz
QTD000333	data/QTD000333.credible_sets.tsv.gz
QTD000334	data/QTD000334.credible_sets.tsv.gz
QTD000335	data/QTD000335.credible_sets.tsv.gz
QTD000336	data/QTD000336.credible_sets.tsv.gz
QTD000337	data/QTD000337.credible_sets.tsv.gz
QTD000338	data/QTD000338.credible_sets.tsv.gz
QTD000339	data/QTD000339.credible_sets.tsv.gz
QTD000340	data/QTD000340.credible_sets.tsv.gz
QTD000341	data/QTD000341.credible_sets.tsv.gz
QTD000342	data/QTD000342.credible_sets.tsv.gz
QTD000343	data/QTD000343.credible_sets.tsv.gz
QTD000344	data/QTD000344.credible_sets.tsv.gz
QTD000345	data/QTD000345.credible_sets.tsv.gz
QTD000346	data/QTD000346.credible_sets.tsv.gz
QTD000347	data/QTD000347.credible_sets.tsv.gz
QTD000348	data/QTD000348.credible_sets.tsv.gz
QTD000349	data/QTD000349.credible_sets.tsv.gz
QTD000350	data/QTD000350.credible_sets.tsv.gz
QTD000351	data/QTD000351.credible_sets.tsv.gz
QTD000352	data/QTD000352.credible_sets.tsv.gz
QTD000353	data/QTD000353.credible_sets.tsv.gz
QTD000354	data/QTD000354.credible_sets.tsv.gz
QTD000355	data/QTD000355.credible_sets.tsv.gz
QTD000356	data/QTD000356.credible_sets.tsv.gz
QTD000357	data/QTD000357.credible_sets.tsv.gz
QTD000358	data/QTD000358.credible_sets.tsv.gz
QTD000359	data/QTD000359.credible_sets.tsv.gz
QTD000360	data/QTD000360.credible_sets.tsv.gz
QTD000361	data/QTD000361.credible_sets.tsv.gz
QTD000362	data/QTD000362.credible_sets.tsv.gz
QTD000363	data/QTD000363.credible_sets.tsv.gz
QTD000364	data/QTD000364.credible_sets.tsv.gz
QTD000365	data/QTD000365.credible_sets.tsv.gz
QTD000366	data/QTD000366.credible_sets.tsv.gz
QTD000367	data/QTD000367.credible_sets.tsv.gz
QTD000368	data/QTD000368.credible_sets.tsv.gz
QTD000369	data/QTD000369.credible_sets.tsv.gz
QTD000370	data/QTD000370.credible_sets.tsv.gz
QTD000371	data/QTD000371.credible_sets.tsv.gz
QTD000372	data/QTD000372.credible_sets.tsv.gz
QTD000373	data/QTD000373.credible_sets.tsv.gz
QTD000374	data/QTD000374.credible_sets.tsv.gz
QTD000375	data/QTD000375.credible_sets.tsv.gz
QTD000376	data/QTD000376.credible_sets.tsv.gz
QTD000377	data/QTD000377.credible_sets.tsv.gz
QTD000378	data/QTD000378.credible_sets.tsv.gz
QTD000379	data/QTD000379.credible_sets.tsv.gz
QTD000380	data/QTD000380.credible_sets.tsv.gz
QTD000381	data/QTD000381.credible_sets.tsv.gz
QTD000382	data/QTD000382.credible_sets.tsv.gz
QTD000383	data/QTD000383.credible_sets.tsv.gz
QTD000384	data/QTD000384.credible_sets.tsv.gz
QTD000385	data/QTD000385.credible_sets.tsv.gz
QTD000386	data/QTD000386.credible_sets.tsv.gz
QTD000387	data/QTD000387.credible_sets.tsv.gz
QTD000388	data/QTD000388.credible_sets.tsv.gz
QTD000389	data/QTD000389.credible_sets.tsv.gz
QTD000390	data/QTD000390.credible_sets.tsv.gz
QTD000391	data/QTD000391.credible_sets.tsv.gz
QTD000392	data/QTD000392.credible_sets.tsv.gz
QTD000393	data/QTD000393.credible_sets.tsv.gz
QTD000394	data/QTD000394.credible_sets.tsv.gz
QTD000395	data/QTD000395.credible_sets.tsv.gz
QTD000396	data/QTD000396.credible_sets.tsv.gz
QTD000397	data/QTD000397.credible_sets.tsv.gz
QTD000398	data/QTD000398.credible_sets.tsv.gz
QTD000399	data/QTD000399.credible_sets.tsv.gz
QTD000400	data/QTD000400.credible_sets.tsv.gz
QTD000401	data/QTD000401.credible_sets.tsv.gz
QTD000402	data/QTD000402.credible_sets.tsv.gz
QTD000403	data/QTD000403.credible_sets.tsv.gz
QTD000404	data/QTD000404.credible_sets.tsv.gz
QTD000405	data/QTD000405.credible_sets.tsv.gz
QTD000406	data/QTD000406.credible_sets.tsv.gz
QTD000407	data/QTD000407.credible_sets.tsv.gz
QTD000408	data/QTD000408.credible_sets.tsv.gz
QTD000409	data/QTD000409.credible_sets.tsv.gz
QTD000410	data/QTD000410.credible_sets.tsv.gz
QTD000411	data/QTD000411.credible_sets.tsv.gz
QTD000412	data/QTD000412.credible_sets.tsv.gz
QTD000413	data/QTD000413.credible_sets.tsv.gz
QTD000414	data/QTD000414.credible_sets.tsv.gz
QTD000415	data/QTD000415.credible_sets.tsv.gz
QTD000416	data/QTD000416.credible_sets.tsv.gz
QTD000417	data/QTD000417.credible_sets.tsv.gz
QTD000418	data/QTD000418.credible_sets.tsv.gz
QTD000419	data/QTD000419.credible_sets.tsv.gz
QTD000420	data/QTD000420.credible_sets.tsv.gz
QTD000421	data/QTD000421.credible_sets.tsv.gz
QTD000422	data/QTD000422.credible_sets.tsv.gz
QTD000423	data/QTD000423.credible_sets.tsv.gz
QTD000424	data/QTD000424.credible_sets.tsv.gz
QTD000425	data/QTD000425.credible_sets.tsv.gz
QTD000426	data/QTD000426.credible_sets.tsv.gz
QTD000427	data/QTD000427.credible_sets.tsv.gz
QTD000428	data/QTD000428.credible_sets.tsv.gz
QTD000429	data/QTD000429.credible_sets.tsv.gz
QTD000430	data/QTD000430.credible_sets.tsv.gz
QTD000431	data/QTD000431.credible_sets.tsv.gz
QTD000432	data/QTD000432.credible_sets.tsv.gz
QTD000433	data/QTD000433.credible_sets.tsv.gz
QTD000434	data/QTD000434.credible_sets.tsv.gz
QTD000435	data/QTD000435.credible_sets.tsv.gz
QTD000436	data/QTD000436.credible_sets.tsv.gz
QTD000437	data/QTD000437.credible_sets.tsv.gz
QTD000438	data/QTD000438.credible_sets.tsv.gz
QTD000439	data/QTD000439.credible_sets.tsv.gz
QTD000440	data/QTD000440.credible_sets.tsv.gz
QTD000441	data/QTD000441.credible_sets.tsv.gz
QTD000442	data/QTD000442.credible_sets.tsv.gz
QTD000443	data/QTD000443.credible_sets.tsv.gz
QTD000444	data/QTD000444.credible_sets.tsv.gz
QTD000445	data/QTD000445.credible_sets.tsv.gz
QTD000446	data/QTD000446.credible_sets.tsv.gz
QTD000447	data/QTD000447.credible_sets.tsv.gz
QTD000448	data/QTD000448.credible_sets.tsv.gz
QTD000449	data/QTD000449.credible_sets.tsv.gz
QTD000450	data/QTD000450.credible_sets.tsv.gz
QTD000451	data/QTD000451.credible_sets.tsv.gz
QTD000452	data/QTD000452.credible_sets.tsv.gz
QTD000453	data/QTD000453.credible_sets.tsv.gz
QTD000454	data/QTD000454.credible_sets.tsv.gz
QTD000455	data/QTD000455.credible_sets.tsv.gz
QTD000456	data/QTD000456.credible_sets.tsv.gz
QTD000457	data/QTD000457.credible_sets.tsv.gz
QTD000458	data/QTD000458.credible_sets.tsv.gz
QTD000459	data/QTD000459.credible_sets.tsv.gz
QTD000460	data/QTD000460.credible_sets.tsv.gz
QTD000461	data/QTD000461.credible_sets.tsv.gz
QTD000462	data/QTD000462.credible_sets.tsv.gz
QTD000463	data/QTD000463.credible_sets.tsv.gz
QTD000464	data/QTD000464.credible_sets.tsv.gz
QTD000465	data/QTD000465.credible_sets.tsv.gz
QTD000466	data/QTD000466.credible_sets.tsv.gz
QTD000467	data/QTD000467.credible_sets.tsv.gz
QTD000468	data/QTD000468.credible_sets.tsv.gz
QTD000469	data/QTD000469.credible_sets.tsv.gz
QTD000470	data/QTD000470.credible_sets.tsv.gz
QTD000471	data/QTD000471.credible_sets.tsv.gz
QTD000472	data/QTD000472.credible_sets.tsv.gz
QTD000473	data/QTD000473.credible_sets.tsv.gz
QTD000474	data/QTD000474.credible_sets.tsv.gz
QTD000475	data/QTD000475.credible_sets.tsv.gz
QTD000476	data/QTD000476.credible_sets.tsv.gz
QTD000477	data/QTD000477.credible_sets.tsv.gz
QTD000478	data/QTD000478.credible_sets.tsv.gz
QTD000479	data/QTD000479.credible_sets.tsv.gz
QTD000480	data/QTD000480.credible_sets.tsv.gz
QTD000481	data/QTD000481.credible_sets.tsv.gz
QTD000482	data/QTD000482.credible_sets.tsv.gz
QTD000483	data/QTD000483.credible_sets.tsv.gz
QTD000484	data/QTD000484.credible_sets.tsv.gz
QTD000485	data/QTD000485.credible_sets.tsv.gz
QTD000486	data/QTD000486.credible_sets.tsv.gz
QTD000487	data/QTD000487.credible_sets.tsv.gz
QTD000488	data/QTD000488.credible_sets.tsv.gz
QTD000489	data/QTD000489.credible_sets.tsv.gz
QTD000490	data/QTD000490.credible_sets.tsv.gz
QTD000491	data/QTD000491.credible_sets.tsv.gz
QTD000492	data/QTD000492.credible_sets.tsv.gz
QTD000493	data/QTD000493.credible_sets.tsv.gz
QTD000494	data/QTD000494.credible_sets.tsv.gz
QTD000495	data/QTD000495.credible_sets.tsv.gz
QTD000496	data/QTD000496.credible_sets.tsv.gz
QTD000497	data/QTD000497.credible_sets.tsv.gz
QTD000498	data/QTD000498.credible_sets.tsv.gz
QTD000499	data/QTD000499.credible_sets.tsv.gz
QTD000500	data/QTD000500.credible_sets.tsv.gz
QTD000501	data/QTD000501.credible_sets.tsv.gz
QTD000502	data/QTD000502.credible_sets.tsv.gz
QTD000503	data/QTD000503.credible_sets.tsv.gz
QTD000504	data/QTD000504.credible_sets.tsv.gz
QTD000505	data/QTD000505.credible_sets.tsv.gz
QTD000506	data/QTD000506.credible_sets.tsv.gz
QTD000507	data/QTD000507.credible_sets.tsv.gz
QTD000508	data/QTD000508.credible_sets.tsv.gz
QTD000509	data/QTD000509.credible_sets.tsv.gz
QTD000510	data/QTD000510.credible_sets.tsv.gz
QTD000511	data/QTD000511.credible_sets.tsv.gz
QTD000512	data/QTD000512.credible_sets.tsv.gz
QTD000513	data/QTD000513.credible_sets.tsv.gz
QTD000514	data/QTD000514.credible_sets.tsv.gz
QTD000515	data/QTD000515.credible_sets.tsv.gz
QTD000516	data/QTD000516.credible_sets.tsv.gz
QTD000517	data/QTD000517.credible_sets.tsv.gz
QTD000518	data/QTD000518.credible_sets.tsv.gz
QTD000519	data/QTD000519.credible_sets.tsv.gz
QTD000520	data/QTD000520.credible_sets.tsv.gz
QTD000521	data/QTD000521.credible_sets.tsv.gz
QTD000522	data/QTD000522.credible_sets.tsv.gz
QTD000523	data/QTD000523.credible_sets.tsv.gz
QTD000524	data/QTD000524.credible_sets.tsv.gz
QTD000525	data/QTD000525.credible_sets.tsv.gz
QTD000526	data/QTD000526.credible_sets.tsv.gz
QTD000527	data/QTD000527.credible_sets.tsv.gz
QTD000528	data/QTD000528.credible_sets.tsv.gz
QTD000529	data/QTD000529.credible_sets.tsv.gz
QTD000530	data/QTD000530.credible_sets.tsv.gz
QTD000531	data/QTD000531.credible_sets.tsv.gz
QTD000532	data/QTD000532.credible_sets.tsv.gz
QTD000533	data/QTD000533.credible_sets.tsv.gz
QTD000534	data/QTD000534.credible_sets.tsv.gz
QTD000535	data/QTD000535.credible_sets.tsv.gz
QTD000536	data/QTD000536.credible_sets.tsv.gz
QTD000537	data/QTD000537.credible_sets.tsv.gz
QTD000538	data/QTD000538.credible_sets.tsv.gz
QTD000539	data/QTD000539.credible_sets.tsv.gz
QTD000540	data/QTD000540.credible_sets.tsv.gz
QTD000541	data/QTD000541.credible_sets.tsv.gz
QTD000542	data/QTD000542.credible_sets.tsv.gz
QTD000543	data/QTD000543.credible_sets.tsv.gz
QTD000544	data/QTD000544.credible_sets.tsv.gz
QTD000545	data/QTD000545.credible_sets.tsv.gz
QTD000546	data/QTD000546.credible_sets.tsv.gz
QTD000547	data/QTD000547.credible_sets.tsv.gz
QTD000548	data/QTD000548.credible_sets.tsv.gz
QTD000549	data/QTD000549.credible_sets.tsv.gz
QTD000550	data/QTD000550.credible_sets.tsv.gz
QTD000551	data/QTD000551.credible_sets.tsv.gz
QTD000552	data/QTD000552.credible_sets.tsv.gz
QTD000553	data/QTD000553.credible_sets.tsv.gz
QTD000554	data/QTD000554.credible_sets.tsv.gz
QTD000555	data/QTD000555.credible_sets.tsv.gz
QTD000556	data/QTD000556.credible_sets.tsv.gz
QTD000557	data/QTD000557.credible_sets.tsv.gz
QTD000558	data/QTD000558.credible_sets.tsv.gz
QTD000559	data/QTD000559.credible_sets.tsv.gz
QTD000560	data/QTD000560.credible_sets.tsv.gz
QTD000561	data/QTD000561.credible_sets.tsv.gz
QTD000562	data/QTD000562.credible_sets.tsv.gz
QTD000563	data/QTD000563.credible_sets.tsv.gz
QTD000564	data/QTD000564.credible_sets.tsv.gz
QTD000565	data/QTD000565.credible_sets.tsv.gz
QTD000566	data/QTD000566.credible_sets.tsv.gz
QTD000567	data/QTD000567.credible_sets.tsv.gz
QTD000568	data/QTD000568.credible_sets.tsv.gz
QTD000569	data/QTD000569.credible_sets.tsv.gz
QTD000570	data/QTD000570.credible_sets.tsv.gz
QTD000571	data/QTD000571.credible_sets.tsv.gz
QTD000572	data/QTD000572.credible_sets.tsv.gz
QTD000573	data/QTD000573.credible_sets.tsv.gz
QTD000574	data/QTD000574.credible_sets.tsv.gz
QTD000575	data/QTD000575.credible_sets.tsv.gz
QTD000576	data/QTD000576.credible_sets.tsv.gz
QTD000577	data/QTD000577.credible_sets.tsv.gz
QTD000578	data/QTD000578.credible_sets.tsv.gz
QTD000579	data/QTD000579.credible_sets.tsv.gz
QTD000580	data/QTD000580.credible_sets.tsv.gz
QTD000581	data/QTD000581.credible_sets.tsv.gz
QTD000582	data/QTD000582.credible_sets.tsv.gz
QTD000583	data/QTD000583.credible_sets.tsv.gz
QTD000584	data/QTD000584.credible_sets.tsv.gz
QTD000585	data/QTD000585.credible_sets.tsv.gz
QTD000586	data/QTD000586.credible_sets.tsv.gz
QTD000587	data/QTD000587.credible_sets.tsv.gz
QTD000588	data/QTD000588.credible_sets.tsv.gz
QTD000589	data/QTD000589.credible_sets.tsv.gz
QTD000590	data/QTD000590.credible_sets.tsv.gz
QTD000591	data/QTD000591.credible_sets.tsv.gz
QTD000592	data/QTD000592.credible_sets.tsv.gz
QTD000593	data/QTD000593.credible_sets.tsv.gz
QTD000594	data/QTD000594.credible_sets.tsv.gz
QTD000595	data/QTD000595.credible_sets.tsv.gz
QTD000596	data/QTD000596.credible_sets.tsv.gz
QTD000597	data/QTD000597.credible_sets.tsv.gz
QTD000598	data/QTD000598.credible_sets.tsv.gz
QTD000599	data/QTD000599.credible_sets.tsv.gz
QTD000600	data/QTD000600.credible_sets.tsv.gz
QTD000601	data/QTD000601.credible_sets.tsv.gz
QTD000602	data/QTD000602.credible_sets.tsv.gz
QTD000603	data/QTD000603.credible_sets.tsv.gz
QTD000604	data/QTD000604.credible_sets.tsv.gz
QTD000605	data/QTD000605.credible_sets.tsv.gz
QTD000606	data/QTD000606.credible_sets.tsv.gz
QTD000607	data/QTD000607.credible_sets.tsv.gz
QTD000608	data/QTD000608.credible_sets.tsv.gz
QTD000609	data/QTD000609.credible_sets.tsv.gz
QTD000610	data/QTD000610.credible_sets.tsv.gz
QTD000611	data/QTD000611.credible_sets.tsv.gz
QTD000612	data/QTD000612.credible_sets.tsv.gz
QTD000613	data/QTD000613.credible_sets.tsv.gz
QTD000614	data/QTD000614.credible_sets.tsv.gz
QTD000615	data/QTD000615.credible_sets.tsv.gz
QTD000616	data/QTD000616.credible_sets.tsv.gz
QTD000617	data/QTD000617.credible_sets.tsv.gz
QTD000618	data/QTD000618.credible_sets.tsv.gz
QTD000619	data/QTD000619.credible_sets.tsv.gz
QTD000620	data/QTD000620.credible_sets.tsv.gz
QTD000621	data/QTD000621.credible_sets.tsv.gz
QTD000622	data/QTD000622.credible_sets.tsv.gz
QTD000623	data/QTD000623.credible_sets.tsv.gz
QTD000624	data/QTD000624.credible_sets.tsv.gz
QTD000625	data/QTD000625.credible_sets.tsv.gz
QTD000626	data/QTD000626.credible_sets.tsv.gz
QTD000627	data/QTD000627.credible_sets.tsv.gz
QTD000628	data/QTD000628.credible_sets.tsv.gz
QTD000629	data/QTD000629.credible_sets.tsv.gz
QTD000630	data/QTD000630.credible_sets.tsv.gz
QTD000631	data/QTD000631.credible_sets.tsv.gz
QTD000632	data/QTD000632.credible_sets.tsv.gz
QTD000633	data/QTD000633.credible_sets.tsv.gz
QTD000634	data/QTD000634.credible_sets.tsv.gz
QTD000635	data/QTD000635.credible_sets.tsv.gz
QTD000636	data/QTD000636.credible_sets.tsv.gz
QTD000637	data/QTD000637.credible_sets.tsv.gz
QTD000638	data/QTD000638.credible_sets.tsv.gz
QTD000639	data/QTD000639.credible_sets.tsv.gz
QTD000640	data/QTD000640.credible_sets.tsv.gz
QTD000641	data/QTD000641.credible_sets.tsv.gz
QTD000642	data/QTD000642.credible_sets.tsv.gz
QTD000643	data/QTD000643.credible_sets.tsv.gz
QTD000644	data/QTD000644.credible_sets.tsv.gz
QTD000645	data/QTD000645.credible_sets.tsv.gz
QTD000646	data/QTD000646.credible_sets.tsv.gz
QTD000647	data/QTD000647.credible_sets.tsv.gz
QTD000648	data/QTD000648.credible_sets.tsv.gz
QTD000649	data/QTD000649.credible_sets.tsv.gz
QTD000650	data/QTD000650.credible_sets.tsv.gz
QTD000651	data/QTD000651.credible_sets.tsv.gz
QTD000652	data/QTD000652.credible_sets.tsv.gz
QTD000653	data/QTD000653.credible_sets.tsv.gz
QTD000654	data/QTD000654.credible_sets.tsv.gz
QTD000655	data/QTD000655.credible_sets.tsv.gz
QTD000656	data/QTD000656.credible_sets.tsv.gz
QTD000657	data/QTD000657.credible_sets.tsv.gz
QTD000658	data/QTD000658.credible_sets.tsv.gz
QTD000659	data/QTD000659.credible_sets.tsv.gz
QTD000660	data/QTD000660.credible_sets.tsv.gz
QTD000661	data/QTD000661.credible_sets.tsv.gz
QTD000662	data/QTD000662.credible_sets.tsv.gz
QTD000663	data/QTD000663.credible_sets.tsv.gz
QTD000664	data/QTD000664.credible_sets.tsv.gz
QTD000665	data/QTD000665.credible_sets.tsv.gz
QTD000666	data/QTD000666.credible_sets.tsv.gz
QTD000667	data/QTD000667.credible_sets.tsv.gz
QTD000668	data/QTD000668.credible_sets.tsv.gz
QTD000669	data/QTD000669.credible_sets.tsv.gz
QTD000670	data/QTD000670.credible_sets.tsv.gz
QTD000671	data/QTD000671.credible_sets.tsv.gz
QTD000672	data/QTD000672.credible_sets.tsv.gz
QTD000673	data/QTD000673.credible_sets.tsv.gz
QTD000674	data/QTD000674.credible_sets.tsv.gz
QTD000675	data/QTD000675.credible_sets.tsv.gz
QTD000676	data/QTD000676.credible_sets.tsv.gz
QTD000677	data/QTD000677.credible_sets.tsv.gz
QTD000678	data/QTD000678.credible_sets.tsv.gz
QTD000679	data/QTD000679.credible_sets.tsv.gz
QTD000680	data/QTD000680.credible_sets.tsv.gz
QTD000681	data/QTD000681.credible_sets.tsv.gz
QTD000682	data/QTD000682.credible_sets.tsv.gz
QTD000683	data/QTD000683.credible_sets.tsv.gz
QTD000684	data/QTD000684.credible_sets.tsv.gz
QTD000685	data/QTD000685.credible_sets.tsv.gz
QTD000686	data/QTD000686.credible_sets.tsv.gz
QTD000687	data/QTD000687.credible_sets.tsv.gz
QTD000688	data/QTD000688.credible_sets.tsv.gz
QTD000689	data/QTD000689.credible_sets.tsv.gz
QTD000690	data/QTD000690.credible_sets.tsv.gz
QTD000691	data/QTD000691.credible_sets.tsv.gz
QTD000692	data/QTD000692.credible_sets.tsv.gz
QTD000693	data/QTD000693.credible_sets.tsv.gz
QTD000694	data/QTD000694.credible_sets.tsv.gz
QTD000695	data/QTD000695.credible_sets.tsv.gz
QTD000696	data/QTD000696.credible_sets.tsv.gz
QTD000697	data/QTD000697.credible_sets.tsv.gz
QTD000698	data/QTD000698.credible_sets.tsv.gz
QTD000699	data/QTD000699.credible_sets.tsv.gz
QTD000700	data/QTD000700.credible_sets.tsv.gz
QTD000701	data/QTD000701.credible_sets.tsv.gz
QTD000702	data/QTD000702.credible_sets.tsv.gz
QTD000703	data/QTD000703.credible_sets.tsv.gz
QTD000704	data/QTD000704.credible_sets.tsv.gz
QTD000705	data/QTD000705.credible_sets.tsv.gz
QTD000706	data/QTD000706.credible_sets.tsv.gz
QTD000707	data/QTD000707.credible_sets.tsv.gz
QTD000708	data/QTD000708.credible_sets.tsv.gz
QTD000709	data/QTD000709.credible_sets.tsv.gz
QTD000710	data/QTD000710.credible_sets.tsv.gz
QTD000711	data/QTD000711.credible_sets.tsv.gz
QTD000712	data/QTD000712.credible_sets.tsv.gz
QTD000713	data/QTD000713.credible_sets.tsv.gz
QTD000714	data/QTD000714.credible_sets.tsv.gz
QTD000715	data/QTD000715.credible_sets.tsv.gz
QTD000716	data/QTD000716.credible_sets.tsv.gz
QTD000717	data/QTD000717.credible_sets.tsv.gz
QTD000718	data/QTD000718.credible_sets.tsv.gz
QTD000719	data/QTD000719.credible_sets.tsv.gz
QTD000720	data/QTD000720.credible_sets.tsv.gz
QTD000721	data/QTD000721.credible_sets.tsv.gz
QTD000722	data/QTD000722.credible_sets.tsv.gz
QTD000723	data/QTD000723.credible_sets.tsv.gz
QTD000724	data/QTD000724.credible_sets.tsv.gz
QTD000725	data/QTD000725.credible_sets.tsv.gz
QTD000726	data/QTD000726.credible_sets.tsv.gz
QTD000727	data/QTD000727.credible_sets.tsv.gz
QTD000728	data/QTD000728.credible_sets.tsv.gz
QTD000729	data/QTD000729.credible_sets.tsv.gz
QTD000730	data/QTD000730.credible_sets.tsv.gz
QTD000731	data/QTD000731.credible_sets.tsv.gz
QTD000732	data/QTD000732.credible_sets.tsv.gz
QTD000733	data/QTD000733.credible_sets.tsv.gz
QTD000734	data/QTD000734.credible_sets.tsv.gz
QTD000735	data/QTD000735.credible_sets.tsv.gz
QTD000736	data/QTD000736.credible_sets.tsv.gz
QTD000737	data/QTD000737.credible_sets.tsv.gz
QTD000738	data/QTD000738.credible_sets.tsv.gz
QTD000739	data/QTD000739.credible_sets.tsv.gz
QTD000740	data/QTD000740.credible_sets.tsv.gz
QTD000741	data/QTD000741.credible_sets.tsv.gz
QTD000742	data/QTD000742.credible_sets.tsv.gz
QTD000743	data/QTD000743.credible_sets.tsv.gz
QTD000744	data/QTD000744.credible_sets.tsv.gz
QTD000745	data/QTD000745.credible_sets.tsv.gz
QTD000746	data/QTD000746.credible_sets.tsv.gz
QTD000747	data/QTD000747.credible_sets.tsv.gz
QTD000748	data/QTD000748.credible_sets.tsv.gz
QTD000749	data/QTD000749.credible_sets.tsv.gz
QTD000750	data/QTD000750.credible_sets.tsv.gz
QTD000751	data/QTD000751.credible_sets.tsv.gz
QTD000752	data/QTD000752.credible_sets.tsv.gz
QTD000753	data/QTD000753.credible_sets.tsv.gz
QTD000754	data/QTD000754.credible_sets.tsv.gz
QTD000755	data/QTD000755.credible_sets.tsv.gz
QTD000756	data/QTD000756.credible_sets.tsv.gz
QTD000757	data/QTD000757.credible_sets.tsv.gz
QTD000758	data/QTD000758.credible_sets.tsv.gz
